 1, "CONCORDIA", "CONCORDIA", "ENTRE RIOS"
 2, "SAN SALVADOR", "SAN SALVADOR", "ENTRE RIOS"
 3, "COLON", "COLON", "ENTRE RIOS"
 4, "VILLAGUAY", "VILLAGUAY", "ENTRE RIOS"
 5, "FEDERAL", "FEDERAL", "ENTRE RIOS"
 6, "NOGOYA", "NOGOYA", "ENTRE RIOS"
 7, "TALA", "RISARIO DEL TALA", "ENTRE RIOS"
 8, "GUALEGUAYCHU", "GUALEGUAYCHU", "ENTRE RIOS"
 9, "ISLAS DEL IBICUY", "VILLA PARANACITO", "ENTRE RIOS"
 10, "GUALEGUAY", "GUALEGUAY", "ENTRE RIOS"
 11, "FEDERACION", "FEDERACION", "ENTRE RIOS"
 12, "LA PAZ", "LA PAZ", "ENTRE RIOS"
 13, "FELICIANO", "SAN JOSE DE FELICIANO", "ENTRE RIOS"
 14, "VICTORIA", "VICTORIA", "ENTRE RIOS"
 15, "DIAMANTE", "DIAMANTE", "ENTRE RIOS"
 16, "URUGUAY", "CONCEPCI\u00d2N DEL URUGUAY", "ENTRE RIOS"
 17, "PARANA", "PARANA", "ENTRE RIOS"
 18, "CAINGUAS", "CAMPO GRANDE", "MISIONES"
 19, "LEANDRO N. ALEM", "LEANDRO N. ALEM", "MISIONES"
 20, "APOSTOLES", "APOSTOLES", "MISIONES"
 21, "CANDELARIA", "SANTA ANA", "MISIONES"
 22, "MONTECARLO", "MONTECARLO", "MISIONES"
 23, "LIBERTADOR GENERAL SAN MARTIN", "PUERTO RICO", "MISIONES"
 24, "CAPITAL", "POSADAS", "MISIONES"
 25, "ELDORADO", "ELDORADO", "MISIONES"
 26, "SAN PEDRO", "SAN PEDRO", "MISIONES"
 27, "MERCEDES", "MERCEDES", "CORRIENTES"
 28, "CONCEPCION", "CONCEPCION", "CORRIENTES"
 29, "SAN ROQUE", "SAN ROQUE", "CORRIENTES"
 30, "SALADAS", "SALADAS", "CORRIENTES"
 31, "MBURUCUYA", "MBURUCUYA", "CORRIENTES"
 32, "SAN LUIS DEL PALMAR", "SAN LUIS DEL PALMAR", "CORRIENTES"
 33, "CAPITAL", "CORRIENTES", "CORRIENTES"
 34, "ITATI", "ITATI", "CORRIENTES"
 35, "BERON DE ASTRADA", "BERON DE ASTRADA", "CORRIENTES"
 36, "GENERAL PAZ", "NUESTRA SE\u00a5ORA DEL ROSARIO DE CAA CATI", "CORRIENTES"
 37, "SANTO TOME", "SANTO TOME", "CORRIENTES"
 38, "GENERAL ALVEAR", "GENERAL ALVEAR", "CORRIENTES"
 39, "SAN MARTIN", "LA CRUZ", "CORRIENTES"
 40, "PASO DE LOS LIBRES", "PASO DE LOS LIBRES", "CORRIENTES"
 41, "MONTE CASEROS", "MONTE CASEROS", "CORRIENTES"
 42, "CURUZU CUATIA", "CURUZU CUATIA", "CORRIENTES"
 43, "SAUCE", "SAUCE", "CORRIENTES"
 44, "ESQUINA", "ESQUINA", "CORRIENTES"
 45, "ITUZAINGO", "ITUZAINGO", "CORRIENTES"
 46, "SAN MIGUEL", "SAN MIGUEL", "CORRIENTES"
 47, "GOYA", "GOYA", "CORRIENTES"
 48, "LAVALLE", "LAVALLE", "CORRIENTES"
 49, "BELLA VISTA", "BELLA VISTA", "CORRIENTES"
 50, "EMPEDRADO", "EMPEDRADO", "CORRIENTES"
 51, "ARRECIFES", "ARRECIFES", "BUENOS AIRES"
 52, "ROJAS", "ROJAS", "BUENOS AIRES"
 53, "SAN ANTONIO DE ARECO", "SAN ANTONIO DE ARECO", "BUENOS AIRES"
 54, "CAPITAN SARMIENTO", "CAPITAN SARMIENTO", "BUENOS AIRES"
 55, "SALTO", "SALTO", "BUENOS AIRES"
 56, "EXALTACION DE LA CRUZ", "CAPILLA DEL SE\u00d1OR", "BUENOS AIRES"
 57, "CARMEN DE ARECO", "CARMEN DE ARECO", "BUENOS AIRES"
 58, "ESCOBAR", "BELEN DE ESCOBAR", "BUENOS AIRES"
 59, "SAN ANDRES DE GILES", "SAN ANDRES DE GILES", "BUENOS AIRES"
 60, "JUNIN", "JUNIN", "BUENOS AIRES"
 61, "PILAR", "PILAR", "BUENOS AIRES"
 62, "LUJAN", "LUJAN", "BUENOS AIRES"
 63, "CHACABUCO", "CHACABUCO", "BUENOS AIRES"
 64, "MALVINAS ARGENTINAS", "LOS POLVORINES", "BUENOS AIRES"
 65, "JOSE C PAZ", "JOSE C. PAZ", "BUENOS AIRES"
 66, "GENERAL SAN MARTIN", "GENERAL SAN MARTIN", "BUENOS AIRES"
 67, "SAN MIGUEL", "SAN MIGUEL", "BUENOS AIRES"
 68, "MERCEDES", "MERCEDES", "BUENOS AIRES"
 69, "MORENO", "MARIANO MORENO", "BUENOS AIRES"
 70, "GENERAL RODRIGUEZ", "GENERAL RODRIGUEZ", "BUENOS AIRES"
 71, "SUIPACHA", "SUIPACHA", "BUENOS AIRES"
 72, "TRES DE FEBRERO", "CASEROS", "BUENOS AIRES"
 73, "HURLINGHAM", "HURLUNGHAM", "BUENOS AIRES"
 74, "MORON", "MORON", "BUENOS AIRES"
 75, "LINCOLN", "LINCOLN", "BUENOS AIRES"
 76, "ITUZAINGO", "ITUZAINGO", "BUENOS AIRES"
 77, "FLORENTINO AMEGHINO", "FLORENTINO AMEGHINO", "BUENOS AIRES"
 78, "LA MATANZA", "SAN JUSTO", "BUENOS AIRES"
 79, "MERLO", "MERLO", "BUENOS AIRES"
 80, "CHIVILCOY", "CHIVILCOY", "BUENOS AIRES"
 81, "BRAGADO", "BRAGADO", "BUENOS AIRES"
 82, "LANUS", "LANUS", "BUENOS AIRES"
 83, "MARCOS PAZ", "MARCOS PAZ", "BUENOS AIRES"
 84, "LOMAS DE ZAMORA", "LOMAS DE ZAMORA", "BUENOS AIRES"
 85, "GENERAL VIAMONTE", "GENERAL VIAMONTE", "BUENOS AIRES"
 86, "GENERAL LAS HERAS", "LAS HERAS", "BUENOS AIRES"
 87, "ESTEBAN ECHEVERRIA", "MONTE GRANDE", "BUENOS AIRES"
 88, "EZEIZA", "JOSE MARIA EZEIZA", "BUENOS AIRES"
 89, "ALMIRANTE BROWN", "ADROGUE", "BUENOS AIRES"
 90, "ALBERTI", "ALBERTI", "BUENOS AIRES"
 91, "FLORENCIO VARELA", "FLORENCIO VARELA", "BUENOS AIRES"
 92, "NAVARRO", "NAVARRO", "BUENOS AIRES"
 93, "LA PLATA", "LA PLATA", "BUENOS AIRES"
 94, "PRESIDENTE PERON", "GUERNICA", "BUENOS AIRES"
 95, "CA\u00d1UELAS", "CANUELAS", "BUENOS AIRES"
 96, "SAN VICENTE", "SAN VICENTE", "BUENOS AIRES"
 97, "LOBOS", "LOBOS", "BUENOS AIRES"
 98, "BRANDSEN", "BRANDSEN", "BUENOS AIRES"
 99, "CARLOS TEJEDOR", "CARLOS TEJEDOR", "BUENOS AIRES"
 100, "25 DE MAYO", "25 DE MAYO", "BUENOS AIRES"
 101, "9 DE JULIO", "9 DE JULIO", "BUENOS AIRES"
 102, "GENERAL PAZ", "RANCHOS", "BUENOS AIRES"
 103, "MONTE", "SAN MIGUEL DEL MONTE", "BUENOS AIRES"
 104, "ROQUE PEREZ", "ROQUE PEREZ", "BUENOS AIRES"
 105, "CARLOS CASARES", "CARLOS CASARES", "BUENOS AIRES"
 106, "SALADILLO", "SALADILLO", "BUENOS AIRES"
 107, "PEHUAJO", "PEHUAJO", "BUENOS AIRES"
 108, "TRENQUE LAUQUEN", "TRENQUE LAUQUEN", "BUENOS AIRES"
 109, "GENERAL BELGRANO", "GENERAL BELGRANO", "BUENOS AIRES"
 110, "LAS FLORES", "LAS FLORES", "BUENOS AIRES"
 111, "GENERAL ALVEAR", "GENERAL ALVEAR", "BUENOS AIRES"
 112, "PILA", "PILA", "BUENOS AIRES"
 113, "BOLIVAR", "SAN CARLOS DE BOLIVAR", "BUENOS AIRES"
 114, "TAPALQUE", "TAPLQUEN", "BUENOS AIRES"
 115, "HIPOLITO YRIGOYEN", "HENDERSON", "BUENOS AIRES"
 116, "DOLORES", "DOLORES", "BUENOS AIRES"
 117, "RAUCH", "RAUCH", "BUENOS AIRES"
 118, "AZUL", "AZUL", "BUENOS AIRES"
 119, "DAIREAUX", "DAIREAUX", "BUENOS AIRES"
 120, "TRES LOMAS", "TRES LOMAS", "BUENOS AIRES"
 121, "GENERAL GUIDO", "GENERAL GUIDO", "BUENOS AIRES"
 122, "OLAVARRIA", "OLAVARRIA", "BUENOS AIRES"
 123, "AYACUCHO", "AYACUCHO", "BUENOS AIRES"
 124, "GUAMINI", "GUAMINI", "BUENOS AIRES"
 125, "SALLIQUELO", "SALLIQUELLO", "BUENOS AIRES"
 126, "MAIPU", "MAIPU", "BUENOS AIRES"
 127, "GENERAL JUAN MADARIAGA", "GENERAL JUAN MADARIAGA", "BUENOS AIRES"
 128, "TANDIL", "TANDIL", "BUENOS AIRES"
 129, "GENERAL LA MADRID", "GENERAL LA MADRID", "BUENOS AIRES"
 130, "CORONEL SUAREZ", "CORONEL SUAREZ", "BUENOS AIRES"
 131, "LAPRIDA", "LAPRIDA", "BUENOS AIRES"
 132, "BENITO JUAREZ", "BENITO JUAREZ", "BUENOS AIRES"
 133, "SAAVEDRA", "PIG\u009aE", "BUENOS AIRES"
 134, "BALCARCE", "BALCARCE", "BUENOS AIRES"
 135, "ADOLFO GONZALES CHAVES", "GONZALES CHAVES", "BUENOS AIRES"
 136, "CORONEL PRINGLES", "CORONEL PRINGLES", "BUENOS AIRES"
 137, "TORNQUIST", "TORNQUIST", "BUENOS AIRES"
 138, "CORONEL DE MARINA LEONARDO ROSALES", "PUNTA ALTA", "BUENOS AIRES"
 139, "BAHIA BLANCA", "BAHIA BLANCA", "BUENOS AIRES"
 140, "MONTE HERMOSO", "MONTE HERMOSO", "BUENOS AIRES"
 141, "CORONEL DORREGO", "CORONEL DORREGO", "BUENOS AIRES"
 142, "NECOCHEA", "NECOCHEA", "BUENOS AIRES"
 143, "LOBERIA", "LOBERIA", "BUENOS AIRES"
 144, "GENERAL ALVARADO", "MIRAMAR", "BUENOS AIRES"
 145, "CHASCOMUS", "CHASCOMUS", "BUENOS AIRES"
 146, "BERISSO", "BERISSO", "BUENOS AIRES"
 147, "ENSENADA", "ENSENADA", "BUENOS AIRES"
 148, "BERAZATEGUI", "BERAZATEGUI", "BUENOS AIRES"
 149, "AVELLANEDA", "AVELLANEDA", "BUENOS AIRES"
 150, "SAN ISIDRO", "SAN ISIDRO", "BUENOS AIRES"
 151, "TIGRE", "TIGRE", "BUENOS AIRES"
 152, "GENERAL PINTO", "GENERAL PINTO", "BUENOS AIRES"
 153, "SAN CAYETANO", "SAN CAYETANO", "BUENOS AIRES"
 154, "TRES ARROYOS", "TRES ARROYOS", "BUENOS AIRES"
 155, "GENERAL PUEYRREDON", "MAR DEL PLATA", "BUENOS AIRES"
 156, "MAR CHIQUITA", "CORONEL VIDAL", "BUENOS AIRES"
 157, "VILLA GESELL", "VILLA GESELL", "BUENOS AIRES"
 158, "PINAMAR", "PINAMAR", "BUENOS AIRES"
 159, "LA COSTA", "MAR DEL TUYU", "BUENOS AIRES"
 160, "GENERAL LAVALLE", "GENERAL LAVALLE", "BUENOS AIRES"
 161, "TORDILLO", "GENERAL CONESA", "BUENOS AIRES"
 162, "CASTELLI", "CASTELLI", "BUENOS AIRES"
 163, "PUNTA INDIO", "VERONICA", "BUENOS AIRES"
 164, "MAGDALENA", "MAGDALENA", "BUENOS AIRES"
 165, "QUILMES", "QUILMES", "BUENOS AIRES"
 166, "VICENTE LOPEZ", "OLIVOS", "BUENOS AIRES"
 167, "SAN FERNANDO", "SAN FERNANDO", "BUENOS AIRES"
 168, "CAMPANA", "CAMPANA", "BUENOS AIRES"
 169, "BARADERO", "BARADERO", "BUENOS AIRES"
 170, "ZARATE", "ZARATE", "BUENOS AIRES"
 171, "SAN PEDRO", "SAN PEDRO", "BUENOS AIRES"
 172, "RAMALLO", "RAMALLO", "BUENOS AIRES"
 173, "SAN NICOLAS", "SAN NICOLAS DE LOS ARROYOS", "BUENOS AIRES"
 174, "PERGAMINO", "PERGAMINO", "BUENOS AIRES"
 175, "COLON", "COLON", "BUENOS AIRES"
 176, "PELLEGRINI", "NUEVA ESPERANZA", "SANTIAGO DEL ESTERO"
 177, "FIGUEROA", "LA CA\u00a5ADA", "SANTIAGO DEL ESTERO"
 178, "AVELLANEDA", "HERRERA", "SANTIAGO DEL ESTERO"
 179, "SALAVINA", "LOS TELARES", "SANTIAGO DEL ESTERO"
 180, "ALBERDI", "CAMPO GALLO", "SANTIAGO DEL ESTERO"
 181, "MORENO", "QUIMILI", "SANTIAGO DEL ESTERO"
 182, "JUAN F IBARRA", "SUNCHO CORRAL", "SANTIAGO DEL ESTERO"
 183, "GENERAL TABOADA", "A\u00a5ATUYA", "SANTIAGO DEL ESTERO"
 184, "RIVADAVIA", "SELVA", "SANTIAGO DEL ESTERO"
 185, "OJO DE AGUA", "VILLA OJO DE AGUA", "SANTIAGO DEL ESTERO"
 186, "CHOYA", "FRIAS", "SANTIAGO DEL ESTERO"
 187, "AYACUCHO", "SAN FRANCISCO DEL MONTE DE ORO", "SAN LUIS"
 188, "GOBERNADOR DUPUY", "BUENA ESPERANZA", "SAN LUIS"
 189, "ULLUM", "VILLA IBA\u00a5EZ", "SAN JUAN"
 190, "ANGACO", "EL SALVADOR", "SAN JUAN"
 191, "ALBARDON", "VILLA GENERAL SAN MARTIN", "SAN JUAN"
 192, "ZONDA", "VILLA BASILIO NIEVAS", "SAN JUAN"
 193, "CHIMBAS", "CHIMBAS", "SAN JUAN"
 194, "RIVADAVIA", "RIVADAVIA", "SAN JUAN"
 195, "SANTA LUCIA", "SANTA LUCIA", "SAN JUAN"
 196, "CAPITAL", "SAN JUAN", "SAN JUAN"
 197, "9 DE JULIO", "VILLA NUEVE DE JULIO", "SAN JUAN"
 198, "RAWSON", "VILLA KRAUSE", "SAN JUAN"
 199, "POCITO", "VILLA ALBERASTAIN", "SAN JUAN"
 200, "SAN MARTIN", "VILLA SAN MARTIN", "SAN JUAN"
 201, "CAUCETE", "CAUCETE", "SAN JUAN"
 202, "JACHAL", "SAN JOSE DE JACHAL", "SAN JUAN"
 203, "25 DE MAYO", "VILLA SANTA ROSA", "SAN JUAN"
 204, "CAPITAL", "SALTA", "SALTA"
 205, "CACHI", "CACHI", "SALTA"
 206, "CERRILLOS", "CERRILLOS", "SALTA"
 207, "CHICOANA", "CHICOANA", "SALTA"
 208, "LA VI\u00d1A", "LA VI\u00d1A", "SALTA"
 209, "SANTA VICTORIA", "SANTA VICTORIA", "SALTA"
 210, "GENERAL JOSE DE SAN MARTIN", "GENERAL JOSE DE SAN MARTIN", "SALTA"
 211, "RIVADAVIA", "RIVADAVIA", "SALTA"
 212, "METAN", "METAN", "SALTA"
 213, "LA CANDELARIA", "LA CANDELARIA", "SALTA"
 214, "GUACHIPAS", "GUACHIPAS", "SALTA"
 215, "CAFAYATE", "CAFAYATE", "SALTA"
 216, "MOLINOS", "MOLINOS", "SALTA"
 217, "GENERAL G\u00dcEMES", "GENERAL MARTIN M. GUEMES", "SALTA"
 218, "SAN CARLOS", "SAN CARLOS", "SALTA"
 219, "ROSARIO DE LERMA", "ROSARIO DE LEMA", "SALTA"
 220, "SAN MARTIN", "SAN MARTIN", "MENDOZA"
 221, "GUAYMALLEN", "VILLA NUEVA", "MENDOZA"
 222, "SANTA ROSA", "SANTA ROSA", "MENDOZA"
 223, "MAIPU", "MAIPU", "MENDOZA"
 224, "CAPITAL", "MENDOZA", "MENDOZA"
 225, "GODOY CRUZ", "GODOY CRUZ", "MENDOZA"
 226, "JUNIN", "JUNIN", "MENDOZA"
 227, "RIVADAVIA", "RIVADAVIA", "MENDOZA"
 228, "GENERAL ALVEAR", "GENERAL ALVEAR", "MENDOZA"
 229, "LA PAZ", "LA PAZ", "MENDOZA"
 230, "SAN RAFAEL", "SAN RAFAEL", "MENDOZA"
 231, "CASTRO BARROS", "AMINGA", "LA RIOJA"
 232, "SANAGASTA", "VILLA SANAGASTA", "LA RIOJA"
 233, "CHILECITO", "CHILECITO", "LA RIOJA"
 234, "GENERAL ANGEL V. PE\u00d1ALOZA", "TAMA", "LA RIOJA"
 235, "INDEPENDENCIA", "PATQUIA", "LA RIOJA"
 236, "GENERAL JUAN F. QUIROGA", "MALANZAN", "LA RIOJA"
 237, "ROSARIO VERA PE\u00d1ALOZA", "CHEPES", "LA RIOJA"
 238, "GENERAL OCAMPO", "VILLA SANTA RITA DE CATUNA", "LA RIOJA"
 239, "GENERAL BELGRANO", "OLTA", "LA RIOJA"
 240, "CHAMICAL", "CHAMICAL", "LA RIOJA"
 241, "GENERAL SAN MARTIN", "ULAPES", "LA RIOJA"
 242, "VINCHINA", "VILLA SAN JOSE DE VINCHINA", "LA RIOJA"
 243, "FAMATINA", "FAMATINA", "LA RIOJA"
 244, "SAN BLAS DE LOS SAUCES", "SAN BLAS", "LA RIOJA"
 245, "ARAUCO", "AIMOGASTA", "LA RIOJA"
 246, "REALICO", "REALICO", "LA PAMPA"
 247, "TRENEL", "TRENEL", "LA PAMPA"
 248, "CHALILEO", "SANTA ISABEL", "LA PAMPA"
 249, "LOVENTUE", "VICTORICA", "LA PAMPA"
 250, "TOAY", "TOAY", "LA PAMPA"
 251, "CAPITAL", "SANTA ROSA", "LA PAMPA"
 252, "LIMAY MAHUIDA", "LIMAY MAHUIDA", "LA PAMPA"
 253, "UTRACAN", "GENERAL ACHA", "LA PAMPA"
 254, "CURACO", "PUELCHES", "LA PAMPA"
 255, "LIHUEL CALEL", "CUCHILLO CO", "LA PAMPA"
 256, "RANCUL", "PARERA", "LA PAMPA"
 257, "CONHELO", "EDUARDO CASTEX", "LA PAMPA"
 258, "TILCARA", "TILCARA", "JUJUY"
 259, "PALPALA", "PALPALA", "JUJUY"
 260, "COCHINOCA", "ABRA PAMPA", "JUJUY"
 261, "TUMBAYA", "TUMBAYA", "JUJUY"
 262, "DOCTOR MANUEL BELGRANO", "SAN SALVADOR DE JUJUY", "JUJUY"
 263, "SAN ANTONIO", "SAN ANTONIO", "JUJUY"
 264, "EL CARMEN", "EL CARMEN", "JUJUY"
 265, "SANTA BARBARA", "SANTA CLARA", "JUJUY"
 266, "LEDESMA", "LIBERTADOR GENERAL SAN MARTIN", "JUJUY"
 267, "HUMAHUACA", "HUMAHUACA", "JUJUY"
 268, "YAVI", "LA QUIACA", "JUJUY"
 269, "SANTA CATALINA", "SANTA CATALINA", "JUJUY"
 270, "SAN PEDRO", "SAN PEDRO", "JUJUY"
 271, "VALLE GRANDE", "VALLE GRANDE", "JUJUY"
 272, "RINCONADA", "RINCONADA", "JUJUY"
 273, "RAMON LISTA", "GENERAL MOSCONI", "FORMOSA"
 274, "PILCOMAYO", "CLORINDA", "FORMOSA"
 275, "FORMOSA", "FORMOSA", "FORMOSA"
 276, "CAPITAL", "SAN FERNANDO DEL VALLE DE CATAMARCA", "CATAMARCA"
 277, "ANCASTI", "ANCASTI", "CATAMARCA"
 278, "BELEN", "BELEN", "CATAMARCA"
 279, "SANTA MARIA", "SANTA MARIA", "CATAMARCA"
 280, "ANDALGALA", "ANDALGALA", "CATAMARCA"
 281, "AMBATO", "LA PUERTA", "CATAMARCA"
 282, "PACLIN", "LA MERCED", "CATAMARCA"
 283, "SANTA ROSA", "BA\u00a5ADO DE OVANTA", "CATAMARCA"
 284, "EL ALTO", "EL ALTO", "CATAMARCA"
 285, "LA PAZ", "SAN ANTONIO", "CATAMARCA"
 286, "POMAN", "SAUJIL", "CATAMARCA"
 287, "RIO GRANDE", "RIO GRANDE", "TIERRA DEL FUEGO"
 288, "MAGALLANES", "SAN JULIAN", "SANTA CRUZ"
 289, "CORPEN AIKE", "PUERTO SANTA CRUZ", "SANTA CRUZ"
 290, "DESEADO", "PUERTO DESEADO", "SANTA CRUZ"
 291, "CONESA", "GENERAL CONESA", "RIO NEGRO"
 292, "LANGUI\u00d1EO", "TECKA", "CHUBUT"
 293, "GAIMAN", "GAIMAN", "CHUBUT"
 294, "MARTIRES", "LAS PLUMAS", "CHUBUT"
 295, "PASO DE INDIOS", "PASO DE LOS INDIOS", "CHUBUT"
 296, "RAWSON", "RAWSON", "CHUBUT"
 297, "TEHUELCHES", "JOSE DE SAN MARTIN", "CHUBUT"
 298, "ESCALANTE", "COMODORO RIVADAVIA", "CHUBUT"
 299, "FLORENTINO AMEGHINO", "CAMARONES", "CHUBUT"
 300, "GENERAL LAMADRID", "VILLA CASTELLI", "LA RIOJA"
 301, "CALINGASTA", "TAMBERIAS", "SAN JUAN"
 302, "MAIPU", "TRES ISLETAS", "CHACO"
 303, "SARGENTO CABRAL", "COLONIA ELISA", "CHACO"
 304, "COMANDANTE FERNANDEZ", "PRESIDENCIA ROQUE SAENZ PE\u00d1A", "CHACO"
 305, "INDEPENDENCIA", "CAMPO LARGO", "CHACO"
 306, "GENERAL BELGRANO", "CORZUELA", "CHACO"
 307, "GENERAL DONOVAN", "MAKALLE", "CHACO"
 308, "25 DE MAYO", "MACHAGAI", "CHACO"
 309, "QUITILIPI", "QUITILIPI", "CHACO"
 310, "PRESIDENCIA DE LA PLAZA", "PRESIDENCIA DE LA PLAZA", "CHACO"
 311, "SAN LORENZO", "VILLA BERTHET", "CHACO"
 312, "O'HIGGINS", "SAN BERNARDO", "CHACO"
 313, "9 DE JULIO", "LAS BRENAS", "CHACO"
 314, "2 DE ABRIL", "HERMOSO CAMPO", "CHACO"
 315, "TAPENAGA", "CHARADAI", "CHACO"
 316, "LIBERTAD", "PUERTO TIROL", "CHACO"
 317, "MAYOR LUIS J. FONTANA", "VILLA ANGELA", "CHACO"
 318, "FRAY JUSTO SANTA MARIA DE ORO", "SANTA SYLVINA", "CHACO"
 319, "1\u00b0 DE MAYO", "MARGARITA BELEN", "CHACO"
 320, "12 DE OCTUBRE", "GENERAL PINEDO", "CHACO"
 321, "CHACABUCO", "CHARATA", "CHACO"
 322, "SOBREMONTE", "SAN FRANCISCO DEL CHA\u00a5AR", "CORDOBA"
 323, "TULUMBA", "VILLA TULUMBA", "CORDOBA"
 324, "ISCHILIN", "DEAN FUNES", "CORDOBA"
 325, "TOTORAL", "VILLA DEL TOTORAL", "CORDOBA"
 326, "CRUZ DEL EJE", "CRUZ DEL EJE", "CORDOBA"
 327, "COLON", "JESUS MARIA", "CORDOBA"
 328, "PUNILLA", "COSQUIN", "CORDOBA"
 329, "CAPITAL", "CORDOBA", "CORDOBA"
 330, "SANTA MARIA", "ALTA GRACIA", "CORDOBA"
 331, "MINAS", "SAN CARLOS MINAS", "CORDOBA"
 332, "POCHO", "SALSACATE", "CORDOBA"
 333, "SAN ALBERTO", "VILLA CURA BROCHERO", "CORDOBA"
 334, "SAN JAVIER", "VILLA DOLORES", "CORDOBA"
 335, "RIO SEGUNDO", "VILLA DEL ROSARIO", "CORDOBA"
 336, "SAN JUSTO", "SAN FRANCISCO", "CORDOBA"
 337, "UNION", "BEL VILLE", "CORDOBA"
 338, "MARCOS JUAREZ", "MARCOS JUAREZ", "CORDOBA"
 339, "GENERAL SAN MARTIN", "VILLA MARIA", "CORDOBA"
 340, "RIO PRIMERO", "SANTA ROSA DE RIO PRIMERO", "CORDOBA"
 341, "TERCERO ARRIBA", "OLIVA", "CORDOBA"
 342, "JUAREZ CELMAN", "LA CARLOTA", "CORDOBA"
 343, "RIO CUARTO", "RIO CUARTO", "CORDOBA"
 344, "ANTOFAGASTA DE LA SIERRA", "ANTOFAGASTA DE LA SIERRA", "CATAMARCA"
 345, "TINOGASTA", "TINOGASTA", "CATAMARCA"
 346, "TUPUNGATO", "TUPUNGATO", "MENDOZA"
 347, "SAN CARLOS", "VILLA SAN CARLOS", "MENDOZA"
 348, "TUNUYAN", "TUNUYAN", "MENDOZA"
 349, "LUJAN DE CUYO", "LUJAN DE CUYO", "MENDOZA"
 350, "FUTALEUFU", "ESQUEL", "CHUBUT"
 351, "RIO CHICO", "GOBERNADOR GREGORES", "SANTA CRUZ"
 352, "LAGO ARGENTINO", "CALAFATE", "SANTA CRUZ"
 353, "GUARANI", "EL SOBERBIO", "MISIONES"
 354, "25 DE MAYO", "ALBA POSSE", "MISIONES"
 355, "OBERA", "OBERA", "MISIONES"
 356, "SAN JAVIER", "SAN JAVIER", "MISIONES"
 357, "CONCEPCION", "CONCEPCION DE LA SIERRA", "MISIONES"
 358, "GENERAL MANUEL BELGRANO", "BERNARDO DE IRIGOYEN", "MISIONES"
 359, "SAN IGNACIO", "SAN IGNACIO", "MISIONES"
 360, "PILAGAS", "EL ESPINILLO", "FORMOSA"
 361, "LAISHI", "SAN FRANCISCO DE LAISHI", "FORMOSA"
 362, "PIRANE", "PIRANE", "FORMOSA"
 363, "PATI\u00d1O", "COMANDANTE FONTANA", "FORMOSA"
 364, "BERMEJO", "LAGUNA YEMA", "FORMOSA"
 365, "BERMEJO", "LA LEONESA", "CHACO"
 366, "LIBERTADOR GENERAL SAN MARTIN", "GENERAL JOSE SAN MARTIN", "CHACO"
 367, "GENERAL GUEMES", "JUAN JOSE CASTELLI", "CHACO"
 368, "VALCHETA", "VALCHETA", "RIO NEGRO"
 369, "SAN ANTONIO", "SAN ANTONIO OESTE", "RIO NEGRO"
 370, "9 DE JULIO", "SIERRA COLORADA", "RIO NEGRO"
 371, "\u00d1ORQUINCO", "NORQUINCO", "RIO NEGRO"
 372, "25 DE MAYO", "MAQUINCHAO", "RIO NEGRO"
 373, "BIEDMA", "PUERTO MADRYN", "CHUBUT"
 374, "TELSEN", "TELSEN", "CHUBUT"
 375, "GASTRE", "GASTRE", "CHUBUT"
 376, "EL CUY", "EL CUY", "RIO NEGRO"
 377, "PILCANIYEU", "PILCANIYEU", "RIO NEGRO"
 378, "CALAMUCHITA", "SAN AGUSTIN", "CORDOBA"
 379, "ADOLFO ALSINA", "CARHUE", "BUENOS AIRES"
 380, "RIVADAVIA", "AMERICA", "BUENOS AIRES"
 381, "PELLEGRINI", "PELLEGRINI", "BUENOS AIRES"
 382, "PUAN", "PUAN", "BUENOS AIRES"
 383, "VILLARINO", "MEDANOS", "BUENOS AIRES"
 384, "MARACO", "GENERAL PICO", "LA PAMPA"
 385, "QUEMU QUEMU", "QUEMU QUEMU", "LA PAMPA"
 386, "CATRILO", "CATRILO", "LA PAMPA"
 387, "ATREUCO", "MACACHIN", "LA PAMPA"
 388, "CALEU CALEU", "LA ADELA", "LA PAMPA"
 389, "GUATRACHE", "GUATRACHE", "LA PAMPA"
 390, "HUCAL", "BERNASCONI", "LA PAMPA"
 391, "PATAGONES", "CARMEN DE PATAGONES", "BUENOS AIRES"
 392, "CHAPALEUFU", "INTENDENTE ALVEAR", "LA PAMPA"
 393, "PRESIDENTE ROQUE SAENZ PE\u00d1A", "LABOULAYE", "CORDOBA"
 394, "CAPAYAN", "HUILLAPIMA", "CATAMARCA"
 395, "CORONEL FELIPE VARELA", "VILLA UNION", "LA RIOJA"
 396, "GENERAL VILLEGAS", "GENERAL VILLEGAS", "BUENOS AIRES"
 397, "GENERAL ROCA", "VILLA HUIDOBRO", "CORDOBA"
 398, "LEANDRO N ALEM", "VEDIA", "BUENOS AIRES"
 399, "GENERAL ARENALES", "GENERAL ARENALES", "BUENOS AIRES"

 401, "IGUAZU", "PUERTO ESPERANZA", "MISIONES"
 402, "IRIONDO", "CA\u00a5ADA DE GOMEZ", "SANTA FE"
 403, "SAN JUSTO", "SAN JUSTO", "SANTA FE"
 404, "LAS COLONIAS", "ESPERANZA", "SANTA FE"
 405, "SAN JERONIMO", "CORONDA", "SANTA FE"
 406, "GENERAL LOPEZ", "MELINCUE", "SANTA FE"
 407, "ROSARIO", "ROSARIO", "SANTA FE"
 408, "SAN LORENZO", "CORONDA", "SANTA FE"
 409, "GARAY", "HELVENCIA", "SANTA FE"
 410, "SAN JAVIER", "SAN JAVIER", "SANTA FE"
 411, "VERA", "VERA", "SANTA FE"
 412, "CASTELLANOS", "RAFAELA", "SANTA FE"
 413, "BELGRANO", "LAS ROSAS", "SANTA FE"
 414, "CASEROS", "CASILDA", "SANTA FE"
 415, "9 DE JULIO", "TOSTADO", "SANTA FE"
 416, "SAN MARTIN", "SASTRE", "SANTA FE"
 417, "GENERAL OBLIGADO", "RECONQUISTA", "SANTA FE"
 418, "LA CAPITAL", "SANTA FE", "SANTA FE"
 419, "CONSTITUCION", "VILLA CONSTITUCION", "SANTA FE"
 420, "LOS ANDES", "LOS ANDES", "SALTA"
 421, "SUSQUES", "SUSQUES", "JUJUY"
 422, "LA POMA", "LA POMA", "SALTA"
 423, "LA CALDERA", "LA CALDERA", "SALTA"
 424, "IRUYA", "IRUYA", "SALTA"
 425, "ORAN", "SAN RAMON DE LA NUEVA ORAN", "SALTA"
 426, "MATACOS", "INGENIERO JUAREZ", "FORMOSA"
 427, "ANTA", "JOAQUIN VICTOR GONZALEZ", "SALTA"
 428, "ALMIRANTE BROWN", "PAMPA DEL INFIERNO", "CHACO"
 429, "COPO", "MONTE QUEMADO", "SANTIAGO DEL ESTERO"
 430, "RIO HONDO", "TERMAS DE RIO HONDO", "SANTIAGO DEL ESTERO"
 431, "ROSARIO DE LA FRONTERA", "ROSARIO DE LA FRONTERA", "SALTA"
 432, "CAPITAL", "LA RIOJA", "LA RIOJA"
 433, "RIO SECO", "VILLA DE MARIA", "CORDOBA"
 434, "VALLE FERTIL", "VILLA SAN AGUSTIN", "SAN JUAN"
 435, "IGLESIA", "RODEO", "SAN JUAN"
 436, "SARMIENTO", "VILLA MEDIA AGUA", "SAN JUAN"
 437, "LAS HERAS", "LAS HERAS", "MENDOZA"
 438, "LAVALLE", "VILLA TULUMAYA", "MENDOZA"
 439, "MALARG\u00dcE", "MALARG\u009aE", "MENDOZA"
 440, "AVELLANEDA", "CHOELE CHOEL", "RIO NEGRO"
 441, "GENERAL ROCA", "GENERAL ROCA", "RIO NEGRO"
 442, "PICHI MAHUIDA", "RIO COLORADO", "RIO NEGRO"
 443, "ADOLFO ALSINA", "VIEDMA", "RIO NEGRO"
 444, "USHUAIA", "USHUAIA", "TIERRA DEL FUEGO"
 445, "RIO SENGUER", "ALTO RIO SENGUER", "CHUBUT"
 446, "BARILOCHE", "SAN CARLOS DE BARILOCHE", "RIO NEGRO"
 447, "SAN FERNANDO", "RESISTENCIA", "CHACO"
 448, "SAN COSME", "SAN COSME", "CORRIENTES"
 449, "CHACABUCO", "CONCARAN", "SAN LUIS"
 450, "JUAN MARTIN DE PUEYRREDON", "SAN LUIS", "SAN LUIS"
 451, "GENERAL PEDERNERA", "VILLA MERCEDES", "SAN LUIS"
 452, "LIBERTADOR GENERAL SAN MARTIN", "", "SAN LUIS"
 453, "CORONEL PRINGLES", "LA TOMA", "SAN LUIS"
 454, "JUNIN", "SANTA ROSA DE CONLARA", "SAN LUIS"
 455, "BELGRANO", "VILLA GENERAL ROCA", "SAN LUIS"
 456, "LOS LAGOS", "VILLA LA ANGOSTURA", "NEUQUEN"
 457, "LACAR", "SAN MARTIN DE LOS ANDES", "NEUQUEN"
 458, "COLLON CURA", "PIEDRA DEL AGUILA", "NEUQUEN"
 459, "HUILICHES", "JUNIN DE LOS ANDES", "NEUQUEN"
 460, "CATAN LIL", "LAS COLORADAS", "NEUQUEN"
 461, "PICUN LEUFU", "PICUN LEUFU", "NEUQUEN"
 462, "ALUMINE", "ALUMINE", "NEUQUEN"
 463, "ZAPALA", "ZAPALA", "NEUQUEN"
 464, "CONFLUENCIA", "NEUQUEN", "NEUQUEN"
 465, "PICUNCHES", "LAS LAJAS", "NEUQUEN"
 466, "A\u00d1ELO", "A\u00a5ELO", "NEUQUEN"
 467, "LONCOPUE", "LONCOPUE", "NEUQUEN"
 468, "\u00d1ORQUIN", "EL HUECU", "NEUQUEN"
 469, "PEHUENCHES", "RINCON DE LOS SAUCES", "NEUQUEN"
 470, "MINAS", "ANDACOLLO", "NEUQUEN"
 471, "CHOS MALAL", "CHOS MALAL", "NEUQUEN"
 472, "LA COCHA", "LA COCHA", "TUCUMAN"
 473, "GRANEROS", "GRANEROS", "TUCUMAN"
 474, "JUAN BAUTISTA ALBERDI", "JUAN BAUTISTA ALBERDI", "TUCUMAN"
 475, "RIO CHICO", "AGUILARES", "TUCUMAN"
 476, "CHICLIGASTA", "CONCEPCION", "TUCUMAN"
 477, "SIMOCA", "SIMOCA", "TUCUMAN"
 478, "LULES", "LUNES", "TUCUMAN"
 479, "MONTEROS", "MONTEROS", "TUCUMAN"
 480, "LEALES", "BELLA VISTA", "TUCUMAN"
 481, "FAMAILLA", "FAMAILLA", "TUCUMAN"
 482, "CAPITAL", "SAN MIGUEL DE TUCUMAN", "TUCUMAN"
 483, "CRUZ ALTA", "BANDA DEL RIO SALI", "TUCUMAN"
 484, "YERBA BUENA", "YERBA BUENA", "TUCUMAN"
 485, "BURRUYACU", "BURRUYACU", "TUCUMAN"
 486, "TAFI VIEJO", "TAFI VIEJO", "TUCUMAN"
 487, "TAFI DEL VALLE", "TAFI DEL VALLE", "TUCUMAN"
 488, "ISLAS MALVINAS", "", "TIERRA DEL FUEGO"
 489, "ISLAS DEL ATLANTICO SUR", "", "TIERRA DEL FUEGO"
 490, "TRANCAS", "TRANCAS", "TUCUMAN"
 491, "SARMIENTO", "SARMIENTO", "CHUBUT"
 492, "SAN CRISTOBAL", "SAN CRISTOBAL", "SANTA FE"
 493, "CUSHAMEN", "CUSHAMEN", "CHUBUT"
 494, "LAGO BUENOS AIRES", "PERITO MORENO", "SANTA CRUZ"
 495, "CHICAL CO", "ALGARROBO DEL AGUILA", "LA PAMPA"
 496, "PUELEN", "25 DE MAYO", "LA PAMPA"
 497, "COMUNA 1", "", "CIUDAD AUTONOMA DE BUENOS AIRES"
 498, "COMUNA 2", "", "CIUDAD AUTONOMA DE BUENOS AIRES"
 499, "COMUNA 3", "", "CIUDAD AUTONOMA DE BUENOS AIRES"
 500, "COMUNA 4", "", "CIUDAD AUTONOMA DE BUENOS AIRES"
 501, "COMUNA 5", "", "CIUDAD AUTONOMA DE BUENOS AIRES"
 502, "COMUNA 6", "", "CIUDAD AUTONOMA DE BUENOS AIRES"
 503, "COMUNA 7", "", "CIUDAD AUTONOMA DE BUENOS AIRES"
 504, "COMUNA 8", "", "CIUDAD AUTONOMA DE BUENOS AIRES"
 505, "COMUNA 9", "", "CIUDAD AUTONOMA DE BUENOS AIRES"
 506, "COMUNA 10", "", "CIUDAD AUTONOMA DE BUENOS AIRES"
 507, "COMUNA 11", "", "CIUDAD AUTONOMA DE BUENOS AIRES"
 508, "COMUNA 12", "", "CIUDAD AUTONOMA DE BUENOS AIRES"
 509, "COMUNA 13", "", "CIUDAD AUTONOMA DE BUENOS AIRES"
 510, "COMUNA 14", "", "CIUDAD AUTONOMA DE BUENOS AIRES"
 511, "COMUNA 15", "", "CIUDAD AUTONOMA DE BUENOS AIRES"
 512, "VALLE VIEJO", "SAN ISIDRO", "CATAMARCA"
 513, "FRAY MAMERTO ESQUIU", "SAN JOSE", "CATAMARCA"
 514, "G\u00dcER AIKE", "RIO GALLEGOS", "SANTA CRUZ"
 515, "BANDA", "LA BANDA", "SANTIAGO DEL ESTERO"
 516, "ROBLES", "FERNANDEZ", "SANTIAGO DEL ESTERO"
 517, "CAPITAL", "SANTIAGO DEL ESTERO", "SANTIAGO DEL ESTERO"
 518, "SILIPICA", "ARRAGA", "SANTIAGO DEL ESTERO"
 519, "SAN MARTIN", "BREA POZO", "SANTIAGO DEL ESTERO"
 520, "MITRE", "VILLA UNION", "SANTIAGO DEL ESTERO"
 521, "SARMIENTO", "GARZA", "SANTIAGO DEL ESTERO"
 522, "ATAMISQUI", "VILLA ATAMISQUI", "SANTIAGO DEL ESTERO"
 523, "LORETO", "LORETO", "SANTIAGO DEL ESTERO"
 524, "GUASAYAN", "SAN PEDRO DE GUASAY\u00c1N", "SANTIAGO DEL ESTERO"
 525, "JIMENEZ", "POZO HONDO", "SANTIAGO DEL ESTERO"
 526, "QUEBRACHOS", "SUMAMPA", "SANTIAGO DEL ESTERO"
 527, "BELGRANO", "BANDERA", "SANTIAGO DEL ESTERO"
