ID,DEPARTAMENTO,CABECERA,PROVINCIA
1,"SANSALVADOR","SANSALVADOR","ENTRERIOS"
2,"VILLAGUAY","VILLAGUAY","ENTRERIOS"
3,"COLON","COLON","ENTRERIOS"
4,"FEDERAL","FEDERAL","ENTRERIOS"
5,"CAPITAL","CORRIENTES","CORRIENTES"
6,"ALMIRANTEBROWN","ADROGUE","BUENOSAIRES"
7,"NOGOYA","NOGOYA","ENTRERIOS"
8,"ITATI","ITATI","CORRIENTES"
9,"ATREUCO","MACACHIN","LAPAMPA"
10,"TALA","RISARIODELTALA","ENTRERIOS"
11,"CAINGUAS","CAMPOGRANDE","MISIONES"
12,"LEANDRON.ALEM","LEANDRON.ALEM","MISIONES"
13,"PRESIDENTEROQUESAENZPENA","LABOULAYE","CORDOBA"
14,"GUALEGUAYCHU","GUALEGUAYCHU","ENTRERIOS"
15,"BERONDEASTRADA","BERONDEASTRADA","CORRIENTES"
16,"QUITILIPI","QUITILIPI","CHACO"
17,"ISLASDELIBICUY","VILLAPARANACITO","ENTRERIOS"
18,"GUALEGUAY","GUALEGUAY","ENTRERIOS"
19,"FEDERACION","FEDERACION","ENTRERIOS"
20,"LAPAZ","LAPAZ","ENTRERIOS"
21,"FELICIANO","SANJOSEDEFELICIANO","ENTRERIOS"
22,"GENERALPAZ","NUESTRASEYORADELROSARIODECAACATI","CORRIENTES"
23,"PRESIDENCIADELAPLAZA","PRESIDENCIADELAPLAZA","CHACO"
24,"VICTORIA","VICTORIA","ENTRERIOS"
25,"SANLORENZO","VILLABERTHET","CHACO"
26,"CAPAYAN","HUILLAPIMA","CATAMARCA"
27,"DIAMANTE","DIAMANTE","ENTRERIOS"
28,"MONTECARLO","MONTECARLO","MISIONES"
29,"LAPLATA","LAPLATA","BUENOSAIRES"
30,"CORONELFELIPEVARELA","VILLAUNION","LARIOJA"
31,"URUGUAY","CONCEPCIONDELURUGUAY","ENTRERIOS"
32,"PRESIDENTEPERON","GUERNICA","BUENOSAIRES"
33,"PARANA","PARANA","ENTRERIOS"
34,"MERCEDES","MERCEDES","CORRIENTES"
35,"APOSTOLES","APOSTOLES","MISIONES"
36,"CANDELARIA","SANTAANA","MISIONES"
37,"CARLOSCASARES","CARLOSCASARES","BUENOSAIRES"
38,"SALADILLO","SALADILLO","BUENOSAIRES"
39,"LIBERTADORGENERALSANMARTIN","PUERTORICO","MISIONES"
40,"CAPITAL","POSADAS","MISIONES"
41,"CONCEPCION","CONCEPCION","CORRIENTES"
42,"O'HIGGINS","SANBERNARDO","CHACO"
43,"ELDORADO","ELDORADO","MISIONES"
44,"SANROQUE","SANROQUE","CORRIENTES"
45,"SALADAS","SALADAS","CORRIENTES"
46,"MBURUCUYA","MBURUCUYA","CORRIENTES"
47,"SANLUISDELPALMAR","SANLUISDELPALMAR","CORRIENTES"
48,"SANPEDRO","SANPEDRO","MISIONES"
49,"SANTOTOME","SANTOTOME","CORRIENTES"
50,"PEHUAJO","PEHUAJO","BUENOSAIRES"
51,"TRENQUELAUQUEN","TRENQUELAUQUEN","BUENOSAIRES"
52,"GENERALBELGRANO","GENERALBELGRANO","BUENOSAIRES"
53,"LASFLORES","LASFLORES","BUENOSAIRES"
54,"GENERALALVEAR","GENERALALVEAR","CORRIENTES"
55,"SANMARTIN","LACRUZ","CORRIENTES"
56,"PASODELOSLIBRES","PASODELOSLIBRES","CORRIENTES"
57,"MONTECASEROS","MONTECASEROS","CORRIENTES"
58,"GENERALGUIDO","GENERALGUIDO","BUENOSAIRES"
59,"CURUZUCUATIA","CURUZUCUATIA","CORRIENTES"
60,"SAUCE","SAUCE","CORRIENTES"
61,"ESQUINA","ESQUINA","CORRIENTES"
62,"ITUZAINGO","ITUZAINGO","CORRIENTES"
63,"OLAVARRIA","OLAVARRIA","BUENOSAIRES"
64,"SANMIGUEL","SANMIGUEL","CORRIENTES"
65,"GOYA","GOYA","CORRIENTES"
66,"LAVALLE","LAVALLE","CORRIENTES"
67,"BELLAVISTA","BELLAVISTA","CORRIENTES"
68,"EMPEDRADO","EMPEDRADO","CORRIENTES"
69,"ROJAS","ROJAS","BUENOSAIRES"
70,"SANANTONIODEARECO","SANANTONIODEARECO","BUENOSAIRES"
71,"MAIPU","MAIPU","BUENOSAIRES"
72,"9DEJULIO","LASBRENAS","CHACO"
73,"ARRECIFES","ARRECIFES","BUENOSAIRES"
74,"2DEABRIL","HERMOSOCAMPO","CHACO"
75,"CAPITANSARMIENTO","CAPITANSARMIENTO","BUENOSAIRES"
76,"CARMENDEARECO","CARMENDEARECO","BUENOSAIRES"
77,"PINAMAR","PINAMAR","BUENOSAIRES"
78,"SALTO","SALTO","BUENOSAIRES"
79,"EXALTACIONDELACRUZ","CAPILLADELSENOR","BUENOSAIRES"
80,"TAPENAGA","CHARADAI","CHACO"
81,"ESCOBAR","BELENDEESCOBAR","BUENOSAIRES"
82,"SANMIGUEL","SANMIGUEL","BUENOSAIRES"
83,"SANANDRESDEGILES","SANANDRESDEGILES","BUENOSAIRES"
84,"JUNIN","JUNIN","BUENOSAIRES"
85,"MERCEDES","MERCEDES","BUENOSAIRES"
86,"GENERALVILLEGAS","GENERALVILLEGAS","BUENOSAIRES"
87,"PILAR","PILAR","BUENOSAIRES"
88,"LUJAN","LUJAN","BUENOSAIRES"
89,"HURLINGHAM","HURLUNGHAM","BUENOSAIRES"
90,"MORON","MORON","BUENOSAIRES"
91,"CHACABUCO","CHACABUCO","BUENOSAIRES"
92,"MALVINASARGENTINAS","LOSPOLVORINES","BUENOSAIRES"
93,"JOSECPAZ","JOSEC.PAZ","BUENOSAIRES"
94,"GENERALSANMARTIN","GENERALSANMARTIN","BUENOSAIRES"
95,"MORENO","MARIANOMORENO","BUENOSAIRES"
96,"LINCOLN","LINCOLN","BUENOSAIRES"
97,"ITUZAINGO","ITUZAINGO","BUENOSAIRES"
98,"FLORENTINOAMEGHINO","FLORENTINOAMEGHINO","BUENOSAIRES"
99,"LAMATANZA","SANJUSTO","BUENOSAIRES"
100,"RIVADAVIA","RIVADAVIA","SANJUAN"
101,"GENERALRODRIGUEZ","GENERALRODRIGUEZ","BUENOSAIRES"
102,"SUIPACHA","SUIPACHA","BUENOSAIRES"
103,"TRESDEFEBRERO","CASEROS","BUENOSAIRES"
104,"MERLO","MERLO","BUENOSAIRES"
105,"CHIVILCOY","CHIVILCOY","BUENOSAIRES"
106,"BRAGADO","BRAGADO","BUENOSAIRES"
107,"LANUS","LANUS","BUENOSAIRES"
108,"GENERALLASHERAS","LASHERAS","BUENOSAIRES"
109,"MARCOSPAZ","MARCOSPAZ","BUENOSAIRES"
110,"LOMASDEZAMORA","LOMASDEZAMORA","BUENOSAIRES"
111,"GENERALVIAMONTE","GENERALVIAMONTE","BUENOSAIRES"
112,"ESTEBANECHEVERRIA","MONTEGRANDE","BUENOSAIRES"
113,"EZEIZA","JOSEMARIAEZEIZA","BUENOSAIRES"
114,"ALBERTI","ALBERTI","BUENOSAIRES"
115,"FLORENCIOVARELA","FLORENCIOVARELA","BUENOSAIRES"
116,"NAVARRO","NAVARRO","BUENOSAIRES"
117,"SANTALUCIA","SANTALUCIA","SANJUAN"
118,"CANUELAS","CANUELAS","BUENOSAIRES"
119,"SANVICENTE","SANVICENTE","BUENOSAIRES"
120,"LOBOS","LOBOS","BUENOSAIRES"
121,"BRANDSEN","BRANDSEN","BUENOSAIRES"
122,"CARLOSTEJEDOR","CARLOSTEJEDOR","BUENOSAIRES"
123,"25DEMAYO","25DEMAYO","BUENOSAIRES"
124,"9DEJULIO","9DEJULIO","BUENOSAIRES"
125,"GENERALPAZ","RANCHOS","BUENOSAIRES"
126,"MONTE","SANMIGUELDELMONTE","BUENOSAIRES"
127,"ROQUEPEREZ","ROQUEPEREZ","BUENOSAIRES"
128,"GENERALALVEAR","GENERALALVEAR","BUENOSAIRES"
129,"QUILMES","QUILMES","BUENOSAIRES"
130,"PILA","PILA","BUENOSAIRES"
131,"GENERALLAMADRID","GENERALLAMADRID","BUENOSAIRES"
132,"BOLIVAR","SANCARLOSDEBOLIVAR","BUENOSAIRES"
133,"BALCARCE","BALCARCE","BUENOSAIRES"
134,"VICENTELOPEZ","OLIVOS","BUENOSAIRES"
135,"CAPITAL","SANJUAN","SANJUAN"
136,"TAPALQUE","TAPLQUEN","BUENOSAIRES"
137,"HIPOLITOYRIGOYEN","HENDERSON","BUENOSAIRES"
138,"DOLORES","DOLORES","BUENOSAIRES"
139,"RAUCH","RAUCH","BUENOSAIRES"
140,"AZUL","AZUL","BUENOSAIRES"
141,"DAIREAUX","DAIREAUX","BUENOSAIRES"
142,"TRESLOMAS","TRESLOMAS","BUENOSAIRES"
143,"AYACUCHO","AYACUCHO","BUENOSAIRES"
144,"GUAMINI","GUAMINI","BUENOSAIRES"
145,"SALLIQUELO","SALLIQUELLO","BUENOSAIRES"
146,"GENERALJUANMADARIAGA","GENERALJUANMADARIAGA","BUENOSAIRES"
147,"ENSENADA","ENSENADA","BUENOSAIRES"
148,"BERAZATEGUI","BERAZATEGUI","BUENOSAIRES"
149,"TANDIL","TANDIL","BUENOSAIRES"
150,"GUAYMALLEN","VILLANUEVA","MENDOZA"
151,"CORONELSUAREZ","CORONELSUAREZ","BUENOSAIRES"
152,"LAPRIDA","LAPRIDA","BUENOSAIRES"
153,"AVELLANEDA","AVELLANEDA","BUENOSAIRES"
154,"SANISIDRO","SANISIDRO","BUENOSAIRES"
155,"BENITOJUAREZ","BENITOJUAREZ","BUENOSAIRES"
156,"SAAVEDRA","PIGUE","BUENOSAIRES"
157,"ADOLFOGONZALESCHAVES","GONZALESCHAVES","BUENOSAIRES"
158,"CORONELPRINGLES","CORONELPRINGLES","BUENOSAIRES"
159,"TORNQUIST","TORNQUIST","BUENOSAIRES"
160,"TIGRE","TIGRE","BUENOSAIRES"
161,"GENERALPINTO","GENERALPINTO","BUENOSAIRES"
162,"SANCAYETANO","SANCAYETANO","BUENOSAIRES"
163,"TRESARROYOS","TRESARROYOS","BUENOSAIRES"
164,"CORONELDEMARINALEONARDOROSALES","PUNTAALTA","BUENOSAIRES"
165,"VILLAGESELL","VILLAGESELL","BUENOSAIRES"
166,"BAHIABLANCA","BAHIABLANCA","BUENOSAIRES"
167,"MONTEHERMOSO","MONTEHERMOSO","BUENOSAIRES"
168,"CORONELDORREGO","CORONELDORREGO","BUENOSAIRES"
169,"NECOCHEA","NECOCHEA","BUENOSAIRES"
170,"LOBERIA","LOBERIA","BUENOSAIRES"
171,"GENERALALVARADO","MIRAMAR","BUENOSAIRES"
172,"CHASCOMUS","CHASCOMUS","BUENOSAIRES"
173,"BERISSO","BERISSO","BUENOSAIRES"
174,"GENERALPUEYRREDON","MARDELPLATA","BUENOSAIRES"
175,"MARCHIQUITA","CORONELVIDAL","BUENOSAIRES"
176,"LACOSTA","MARDELTUYU","BUENOSAIRES"
177,"GENERALLAVALLE","GENERALLAVALLE","BUENOSAIRES"
178,"TORDILLO","GENERALCONESA","BUENOSAIRES"
179,"CASTELLI","CASTELLI","BUENOSAIRES"
180,"PUNTAINDIO","VERONICA","BUENOSAIRES"
181,"MAGDALENA","MAGDALENA","BUENOSAIRES"
182,"SANFERNANDO","SANFERNANDO","BUENOSAIRES"
183,"CAMPANA","CAMPANA","BUENOSAIRES"
184,"BARADERO","BARADERO","BUENOSAIRES"
185,"ZARATE","ZARATE","BUENOSAIRES"
186,"SANPEDRO","SANPEDRO","BUENOSAIRES"
187,"RAMALLO","RAMALLO","BUENOSAIRES"
188,"SANNICOLAS","SANNICOLASDELOSARROYOS","BUENOSAIRES"
189,"PERGAMINO","PERGAMINO","BUENOSAIRES"
190,"FIGUEROA","LACAYADA","SANTIAGODELESTERO"
191,"COLON","COLON","BUENOSAIRES"
192,"AVELLANEDA","HERRERA","SANTIAGODELESTERO"
193,"PELLEGRINI","NUEVAESPERANZA","SANTIAGODELESTERO"
194,"SALAVINA","LOSTELARES","SANTIAGODELESTERO"
195,"GENERALTABOADA","AYATUYA","SANTIAGODELESTERO"
196,"ALBERDI","CAMPOGALLO","SANTIAGODELESTERO"
197,"MORENO","QUIMILI","SANTIAGODELESTERO"
198,"ZONDA","VILLABASILIONIEVAS","SANJUAN"
199,"JUANFIBARRA","SUNCHOCORRAL","SANTIAGODELESTERO"
200,"CHOYA","FRIAS","SANTIAGODELESTERO"
201,"AYACUCHO","SANFRANCISCODELMONTEDEORO","SANLUIS"
202,"RIVADAVIA","SELVA","SANTIAGODELESTERO"
203,"OJODEAGUA","VILLAOJODEAGUA","SANTIAGODELESTERO"
204,"GOBERNADORDUPUY","BUENAESPERANZA","SANLUIS"
205,"ULLUM","VILLAIBAYEZ","SANJUAN"
206,"ANGACO","ELSALVADOR","SANJUAN"
207,"ALBARDON","VILLAGENERALSANMARTIN","SANJUAN"
208,"CHIMBAS","CHIMBAS","SANJUAN"
209,"9DEJULIO","VILLANUEVEDEJULIO","SANJUAN"
210,"RAWSON","VILLAKRAUSE","SANJUAN"
211,"POCITO","VILLAALBERASTAIN","SANJUAN"
212,"SANMARTIN","VILLASANMARTIN","SANJUAN"
213,"CAUCETE","CAUCETE","SANJUAN"
214,"JACHAL","SANJOSEDEJACHAL","SANJUAN"
215,"TERCEROARRIBA","OLIVA","CORDOBA"
216,"25DEMAYO","VILLASANTAROSA","SANJUAN"
217,"JUAREZCELMAN","LACARLOTA","CORDOBA"
218,"CAPITAL","SALTA","SALTA"
219,"CACHI","CACHI","SALTA"
220,"CERRILLOS","CERRILLOS","SALTA"
221,"CHICOANA","CHICOANA","SALTA"
222,"LAVINA","LAVINA","SALTA"
223,"SANTAVICTORIA","SANTAVICTORIA","SALTA"
224,"GENERALJOSEDESANMARTIN","GENERALJOSEDESANMARTIN","SALTA"
225,"SANTAROSA","SANTAROSA","MENDOZA"
226,"RIVADAVIA","RIVADAVIA","SALTA"
227,"METAN","METAN","SALTA"
228,"LACANDELARIA","LACANDELARIA","SALTA"
229,"MAIPU","MAIPU","MENDOZA"
230,"GUACHIPAS","GUACHIPAS","SALTA"
231,"CAPITAL","MENDOZA","MENDOZA"
232,"GODOYCRUZ","GODOYCRUZ","MENDOZA"
233,"CAFAYATE","CAFAYATE","SALTA"
234,"JUNIN","JUNIN","MENDOZA"
235,"RIVADAVIA","RIVADAVIA","MENDOZA"
236,"GENERALALVEAR","GENERALALVEAR","MENDOZA"
237,"MOLINOS","MOLINOS","SALTA"
238,"CASTROBARROS","AMINGA","LARIOJA"
239,"GENERALGUEMES","GENERALMARTINM.GUEMES","SALTA"
240,"SANAGASTA","VILLASANAGASTA","LARIOJA"
241,"SANCARLOS","SANCARLOS","SALTA"
242,"GENERALOCAMPO","VILLASANTARITADECATUNA","LARIOJA"
243,"ROSARIODELERMA","ROSARIODELEMA","SALTA"
244,"SANMARTIN","SANMARTIN","MENDOZA"
245,"LAPAZ","LAPAZ","MENDOZA"
246,"SANRAFAEL","SANRAFAEL","MENDOZA"
247,"CHILECITO","CHILECITO","LARIOJA"
248,"GENERALANGELV.PENALOZA","TAMA","LARIOJA"
249,"GENERALBELGRANO","OLTA","LARIOJA"
250,"CHAMICAL","CHAMICAL","LARIOJA"
251,"INDEPENDENCIA","PATQUIA","LARIOJA"
252,"GENERALJUANF.QUIROGA","MALANZAN","LARIOJA"
253,"ROSARIOVERAPENALOZA","CHEPES","LARIOJA"
254,"GENERALSANMARTIN","ULAPES","LARIOJA"
255,"VINCHINA","VILLASANJOSEDEVINCHINA","LARIOJA"
256,"FAMATINA","FAMATINA","LARIOJA"
257,"LIBERTAD","PUERTOTIROL","CHACO"
258,"SANBLASDELOSSAUCES","SANBLAS","LARIOJA"
259,"ARAUCO","AIMOGASTA","LARIOJA"
260,"REALICO","REALICO","LAPAMPA"
261,"TRENEL","TRENEL","LAPAMPA"
262,"CHALILEO","SANTAISABEL","LAPAMPA"
263,"LOVENTUE","VICTORICA","LAPAMPA"
264,"TOAY","TOAY","LAPAMPA"
265,"CAPITAL","SANTAROSA","LAPAMPA"
266,"LIMAYMAHUIDA","LIMAYMAHUIDA","LAPAMPA"
267,"UTRACAN","GENERALACHA","LAPAMPA"
268,"MAYORLUISJ.FONTANA","VILLAANGELA","CHACO"
269,"CURACO","PUELCHES","LAPAMPA"
270,"FRAYJUSTOSANTAMARIADEORO","SANTASYLVINA","CHACO"
271,"LIHUELCALEL","CUCHILLOCO","LAPAMPA"
272,"RANCUL","PARERA","LAPAMPA"
273,"CONHELO","EDUARDOCASTEX","LAPAMPA"
274,"TILCARA","TILCARA","JUJUY"
275,"PALPALA","PALPALA","JUJUY"
276,"COCHINOCA","ABRAPAMPA","JUJUY"
277,"TUMBAYA","TUMBAYA","JUJUY"
278,"DOCTORMANUELBELGRANO","SANSALVADORDEJUJUY","JUJUY"
279,"SANANTONIO","SANANTONIO","JUJUY"
280,"ELCARMEN","ELCARMEN","JUJUY"
281,"SANTABARBARA","SANTACLARA","JUJUY"
282,"LEDESMA","LIBERTADORGENERALSANMARTIN","JUJUY"
283,"HUMAHUACA","HUMAHUACA","JUJUY"
284,"YAVI","LAQUIACA","JUJUY"
285,"SANTACATALINA","SANTACATALINA","JUJUY"
286,"SANPEDRO","SANPEDRO","JUJUY"
287,"12DEOCTUBRE","GENERALPINEDO","CHACO"
288,"VALLEGRANDE","VALLEGRANDE","JUJUY"
289,"RINCONADA","RINCONADA","JUJUY"
290,"CHACABUCO","CHARATA","CHACO"
291,"RAMONLISTA","GENERALMOSCONI","FORMOSA"
292,"PILCOMAYO","CLORINDA","FORMOSA"
293,"FORMOSA","FORMOSA","FORMOSA"
294,"CAPITAL","SANFERNANDODELVALLEDECATAMARCA","CATAMARCA"
295,"ANCASTI","ANCASTI","CATAMARCA"
296,"BELEN","BELEN","CATAMARCA"
297,"SANTAMARIA","SANTAMARIA","CATAMARCA"
298,"ANDALGALA","ANDALGALA","CATAMARCA"
299,"AMBATO","LAPUERTA","CATAMARCA"
300,"PACLIN","LAMERCED","CATAMARCA"
301,"SANTAROSA","BAYADODEOVANTA","CATAMARCA"
302,"ELALTO","ELALTO","CATAMARCA"
303,"SOBREMONTE","SANFRANCISCODELCHAYAR","CORDOBA"
304,"LAPAZ","SANANTONIO","CATAMARCA"
305,"POMAN","SAUJIL","CATAMARCA"
306,"RIOGRANDE","RIOGRANDE","TIERRADELFUEGO"
307,"MARTIRES","LASPLUMAS","CHUBUT"
308,"PASODEINDIOS","PASODELOSINDIOS","CHUBUT"
309,"MAGALLANES","SANJULIAN","SANTACRUZ"
310,"SARGENTOCABRAL","COLONIAELISA","CHACO"
311,"COMANDANTEFERNANDEZ","PRESIDENCIAROQUESAENZPENA","CHACO"
312,"INDEPENDENCIA","CAMPOLARGO","CHACO"
313,"CORPENAIKE","PUERTOSANTACRUZ","SANTACRUZ"
314,"DESEADO","PUERTODESEADO","SANTACRUZ"
315,"CONESA","GENERALCONESA","RIONEGRO"
316,"LANGUINEO","TECKA","CHUBUT"
317,"GAIMAN","GAIMAN","CHUBUT"
318,"GENERALBELGRANO","CORZUELA","CHACO"
319,"GENERALDONOVAN","MAKALLE","CHACO"
320,"RAWSON","RAWSON","CHUBUT"
321,"TEHUELCHES","JOSEDESANMARTIN","CHUBUT"
322,"ESCALANTE","COMODORORIVADAVIA","CHUBUT"
323,"FLORENTINOAMEGHINO","CAMARONES","CHUBUT"
324,"25DEMAYO","MACHAGAI","CHACO"
325,"GENERALLAMADRID","VILLACASTELLI","LARIOJA"
326,"CALINGASTA","TAMBERIAS","SANJUAN"
327,"MAIPU","TRESISLETAS","CHACO"
328,"1DEMAYO","MARGARITABELEN","CHACO"
329,"TULUMBA","VILLATULUMBA","CORDOBA"
330,"ISCHILIN","DEANFUNES","CORDOBA"
331,"TOTORAL","VILLADELTOTORAL","CORDOBA"
332,"CRUZDELEJE","CRUZDELEJE","CORDOBA"
333,"COLON","JESUSMARIA","CORDOBA"
334,"PUNILLA","COSQUIN","CORDOBA"
335,"CAPITAL","CORDOBA","CORDOBA"
336,"GENERALSANMARTIN","VILLAMARIA","CORDOBA"
337,"SANTAMARIA","ALTAGRACIA","CORDOBA"
338,"MINAS","SANCARLOSMINAS","CORDOBA"
339,"POCHO","SALSACATE","CORDOBA"
340,"SANALBERTO","VILLACURABROCHERO","CORDOBA"
341,"SANJAVIER","VILLADOLORES","CORDOBA"
342,"RIOSEGUNDO","VILLADELROSARIO","CORDOBA"
343,"SANJUSTO","SANFRANCISCO","CORDOBA"
344,"UNION","BELVILLE","CORDOBA"
345,"RIOPRIMERO","SANTAROSADERIOPRIMERO","CORDOBA"
346,"MARCOSJUAREZ","MARCOSJUAREZ","CORDOBA"
347,"RIOCUARTO","RIOCUARTO","CORDOBA"
348,"ANTOFAGASTADELASIERRA","ANTOFAGASTADELASIERRA","CATAMARCA"
349,"TINOGASTA","TINOGASTA","CATAMARCA"
350,"GENERALROCA","VILLAHUIDOBRO","CORDOBA"
351,"LEANDRONALEM","VEDIA","BUENOSAIRES"
352,"TUPUNGATO","TUPUNGATO","MENDOZA"
353,"TUNUYAN","TUNUYAN","MENDOZA"
354,"LUJANDECUYO","LUJANDECUYO","MENDOZA"
355,"FUTALEUFU","ESQUEL","CHUBUT"
356,"RIOCHICO","GOBERNADORGREGORES","SANTACRUZ"
357,"LAGOARGENTINO","CALAFATE","SANTACRUZ"
358,"SANJAVIER","SANJAVIER","MISIONES"
359,"CONCEPCION","CONCEPCIONDELASIERRA","MISIONES"
360,"GUARANI","ELSOBERBIO","MISIONES"
361,"GENERALARENALES","GENERALARENALES","BUENOSAIRES"
362,"25DEMAYO","ALBAPOSSE","MISIONES"
363,"OBERA","OBERA","MISIONES"
364,"GENERALMANUELBELGRANO","BERNARDODEIRIGOYEN","MISIONES"
365,"SANIGNACIO","SANIGNACIO","MISIONES"
366,"PIRANE","PIRANE","FORMOSA"
367,"PATINO","COMANDANTEFONTANA","FORMOSA"
368,"BERMEJO","LAGUNAYEMA","FORMOSA"
369,"BERMEJO","LALEONESA","CHACO"
370,"LIBERTADORGENERALSANMARTIN","GENERALJOSESANMARTIN","CHACO"
371,"GENERALGUEMES","JUANJOSECASTELLI","CHACO"
372,"PILAGAS","ELESPINILLO","FORMOSA"
373,"VALCHETA","VALCHETA","RIONEGRO"
374,"SANANTONIO","SANANTONIOOESTE","RIONEGRO"
375,"LAISHI","SANFRANCISCODELAISHI","FORMOSA"
376,"9DEJULIO","SIERRACOLORADA","RIONEGRO"
377,"NORQUINCO","NORQUINCO","RIONEGRO"
378,"25DEMAYO","MAQUINCHAO","RIONEGRO"
379,"BIEDMA","PUERTOMADRYN","CHUBUT"
380,"TELSEN","TELSEN","CHUBUT"
381,"GASTRE","GASTRE","CHUBUT"
382,"ELCUY","ELCUY","RIONEGRO"
383,"PILCANIYEU","PILCANIYEU","RIONEGRO"
384,"CALAMUCHITA","SANAGUSTIN","CORDOBA"
385,"ADOLFOALSINA","CARHUE","BUENOSAIRES"
386,"RIVADAVIA","AMERICA","BUENOSAIRES"
387,"PELLEGRINI","PELLEGRINI","BUENOSAIRES"
388,"PUAN","PUAN","BUENOSAIRES"
389,"VILLARINO","MEDANOS","BUENOSAIRES"
390,"MARACO","GENERALPICO","LAPAMPA"
391,"QUEMUQUEMU","QUEMUQUEMU","LAPAMPA"
392,"CATRILO","CATRILO","LAPAMPA"
393,"CALEUCALEU","LAADELA","LAPAMPA"
394,"GUATRACHE","GUATRACHE","LAPAMPA"
395,"HUCAL","BERNASCONI","LAPAMPA"
396,"PATAGONES","CARMENDEPATAGONES","BUENOSAIRES"
397,"CHAPALEUFU","INTENDENTEALVEAR","LAPAMPA"
398,"IGUAZU","PUERTOESPERANZA","MISIONES"
399,"IRIONDO","CAYADADEGOMEZ","SANTAFE"
400,"SANJUSTO","SANJUSTO","SANTAFE"
401,"LASCOLONIAS","ESPERANZA","SANTAFE"
402,"SARMIENTO","VILLAMEDIAAGUA","SANJUAN"
403,"LASHERAS","LASHERAS","MENDOZA"
404,"LAVALLE","VILLATULUMAYA","MENDOZA"
405,"MALARGUE","MALARGUE","MENDOZA"
406,"SANJERONIMO","CORONDA","SANTAFE"
407,"GENERALLOPEZ","MELINCUE","SANTAFE"
408,"ROSARIO","ROSARIO","SANTAFE"
409,"SANLORENZO","CORONDA","SANTAFE"
410,"PICHIMAHUIDA","RIOCOLORADO","RIONEGRO"
411,"ADOLFOALSINA","VIEDMA","RIONEGRO"
412,"USHUAIA","USHUAIA","TIERRADELFUEGO"
413,"RIOSENGUER","ALTORIOSENGUER","CHUBUT"
414,"BARILOCHE","SANCARLOSDEBARILOCHE","RIONEGRO"
415,"GARAY","HELVENCIA","SANTAFE"
416,"SANJAVIER","SANJAVIER","SANTAFE"
417,"VERA","VERA","SANTAFE"
418,"CASTELLANOS","RAFAELA","SANTAFE"
419,"BELGRANO","LASROSAS","SANTAFE"
420,"CASEROS","CASILDA","SANTAFE"
421,"9DEJULIO","TOSTADO","SANTAFE"
422,"SANMARTIN","SASTRE","SANTAFE"
423,"GENERALOBLIGADO","RECONQUISTA","SANTAFE"
424,"LACAPITAL","SANTAFE","SANTAFE"
425,"CONSTITUCION","VILLACONSTITUCION","SANTAFE"
426,"LOSANDES","LOSANDES","SALTA"
427,"SUSQUES","SUSQUES","JUJUY"
428,"SANFERNANDO","RESISTENCIA","CHACO"
429,"SANCOSME","SANCOSME","CORRIENTES"
430,"LAPOMA","LAPOMA","SALTA"
431,"CHACABUCO","CONCARAN","SANLUIS"
432,"JUANMARTINDEPUEYRREDON","SANLUIS","SANLUIS"
433,"GENERALPEDERNERA","VILLAMERCEDES","SANLUIS"
434,"LIBERTADORGENERALSANMARTIN","","SANLUIS"
435,"CORONELPRINGLES","LATOMA","SANLUIS"
436,"JUNIN","SANTAROSADECONLARA","SANLUIS"
437,"LACALDERA","LACALDERA","SALTA"
438,"CAPITAL","LARIOJA","LARIOJA"
439,"HUILICHES","JUNINDELOSANDES","NEUQUEN"
440,"CATANLIL","LASCOLORADAS","NEUQUEN"
441,"IRUYA","IRUYA","SALTA"
442,"ORAN","SANRAMONDELANUEVAORAN","SALTA"
443,"MATACOS","INGENIEROJUAREZ","FORMOSA"
444,"SILIPICA","ARRAGA","SANTIAGODELESTERO"
445,"ANTA","JOAQUINVICTORGONZALEZ","SALTA"
446,"ALMIRANTEBROWN","PAMPADELINFIERNO","CHACO"
447,"COPO","MONTEQUEMADO","SANTIAGODELESTERO"
448,"RIOHONDO","TERMASDERIOHONDO","SANTIAGODELESTERO"
449,"ROSARIODELAFRONTERA","ROSARIODELAFRONTERA","SALTA"
450,"RIOSECO","VILLADEMARIA","CORDOBA"
451,"VALLEFERTIL","VILLASANAGUSTIN","SANJUAN"
452,"IGLESIA","RODEO","SANJUAN"
453,"AVELLANEDA","CHOELECHOEL","RIONEGRO"
454,"GENERALROCA","GENERALROCA","RIONEGRO"
455,"BELGRANO","VILLAGENERALROCA","SANLUIS"
456,"LOSLAGOS","VILLALAANGOSTURA","NEUQUEN"
457,"LACAR","SANMARTINDELOSANDES","NEUQUEN"
458,"COLLONCURA","PIEDRADELAGUILA","NEUQUEN"
459,"PICUNLEUFU","PICUNLEUFU","NEUQUEN"
460,"ALUMINE","ALUMINE","NEUQUEN"
461,"ZAPALA","ZAPALA","NEUQUEN"
462,"CONFLUENCIA","NEUQUEN","NEUQUEN"
463,"PICUNCHES","LASLAJAS","NEUQUEN"
464,"ANELO","AYELO","NEUQUEN"
465,"LONCOPUE","LONCOPUE","NEUQUEN"
466,"NORQUIN","ELHUECU","NEUQUEN"
467,"PEHUENCHES","RINCONDELOSSAUCES","NEUQUEN"
468,"MINAS","ANDACOLLO","NEUQUEN"
469,"CHOSMALAL","CHOSMALAL","NEUQUEN"
470,"LACOCHA","LACOCHA","TUCUMAN"
471,"GRANEROS","GRANEROS","TUCUMAN"
472,"JUANBAUTISTAALBERDI","JUANBAUTISTAALBERDI","TUCUMAN"
473,"RIOCHICO","AGUILARES","TUCUMAN"
474,"CHICLIGASTA","CONCEPCION","TUCUMAN"
475,"SIMOCA","SIMOCA","TUCUMAN"
476,"LULES","LUNES","TUCUMAN"
477,"MONTEROS","MONTEROS","TUCUMAN"
478,"LEALES","BELLAVISTA","TUCUMAN"
479,"FAMAILLA","FAMAILLA","TUCUMAN"
480,"YERBABUENA","YERBABUENA","TUCUMAN"
481,"BURRUYACU","BURRUYACU","TUCUMAN"
482,"TAFIVIEJO","TAFIVIEJO","TUCUMAN"
483,"TAFIDELVALLE","TAFIDELVALLE","TUCUMAN"
484,"ISLASMALVINAS","","TIERRADELFUEGO"
485,"CAPITAL","SANMIGUELDETUCUMAN","TUCUMAN"
486,"CRUZALTA","BANDADELRIOSALI","TUCUMAN"
487,"COMUNA06","","CABA"
488,"TRANCAS","TRANCAS","TUCUMAN"
489,"SARMIENTO","SARMIENTO","CHUBUT"
490,"SANCRISTOBAL","SANCRISTOBAL","SANTAFE"
491,"CUSHAMEN","CUSHAMEN","CHUBUT"
492,"LAGOBUENOSAIRES","PERITOMORENO","SANTACRUZ"
493,"CHICALCO","ALGARROBODELAGUILA","LAPAMPA"
494,"PUELEN","25DEMAYO","LAPAMPA"
495,"COMUNA01","","CABA"
496,"ISLASDELATLANTICOSUR","","TIERRADELFUEGO"
497,"COMUNA02","","CABA"
498,"COMUNA03","","CABA"
499,"COMUNA04","","CABA"
500,"COMUNA05","","CABA"
501,"COMUNA07","","CABA"
502,"COMUNA08","","CABA"
503,"COMUNA09","","CABA"
504,"BANDA","LABANDA","SANTIAGODELESTERO"
505,"COMUNA10","","CABA"
506,"COMUNA11","","CABA"
507,"COMUNA12","","CABA"
508,"ROBLES","FERNANDEZ","SANTIAGODELESTERO"
509,"CAPITAL","SANTIAGODELESTERO","SANTIAGODELESTERO"
510,"COMUNA13","","CABA"
511,"COMUNA14","","CABA"
512,"COMUNA15","","CABA"
513,"VALLEVIEJO","SANISIDRO","CATAMARCA"
514,"FRAYMAMERTOESQUIU","SANJOSE","CATAMARCA"
515,"GUERAIKE","RIOGALLEGOS","SANTACRUZ"
516,"SANMARTIN","BREAPOZO","SANTIAGODELESTERO"
517,"MITRE","VILLAUNION","SANTIAGODELESTERO"
518,"SARMIENTO","GARZA","SANTIAGODELESTERO"
519,"ATAMISQUI","VILLAATAMISQUI","SANTIAGODELESTERO"
520,"LORETO","LORETO","SANTIAGODELESTERO"
521,"GUASAYAN","SANPEDRODEGUASAYAN","SANTIAGODELESTERO"
522,"JIMENEZ","POZOHONDO","SANTIAGODELESTERO"
523,"QUEBRACHOS","SUMAMPA","SANTIAGODELESTERO"
524,"BELGRANO","BANDERA","SANTIAGODELESTERO"
525,"AGUIRRE","PINTO","SANTIAGODELESTERO"
526,"SANCARLOS","VILLASANCARLOS","MENDOZA"
527,
